熱搜關鍵字,搜尋次數,熱度變化,爬取日期
金秀賢,5萬+,"1,000%",2025-03-11
輝星,2萬+,"1,000%",2025-03-11
羅廷瑋,"5,000+","1,000%",2025-03-11
勇士 對 拓荒者,"5,000+","1,000%",2025-03-11
杜特蒂,"5,000+","1,000%",2025-03-11
栗正傑,"2,000+",500%,2025-03-11
酷航,"2,000+",600%,2025-03-11
裘振宇,"5,000+",900%,2025-03-11
311,"5,000+",600%,2025-03-11
水舞饌,"2,000+",900%,2025-03-11
台股,2萬+,200%,2025-03-11
鄭爽,500+,500%,2025-03-11
籃網 對 湖人,"5,000+","1,000%",2025-03-11
三仙巷,200+,600%,2025-03-11
wtt,200+,300%,2025-03-11
特斯拉股價,"5,000+",200%,2025-03-11
馬刺 對 獨行俠,"2,000+","1,000%",2025-03-11
tsla,"5,000+",200%,2025-03-11
普發現金,"1,000+",200%,2025-03-11
南山中學,200+,200%,2025-03-11
古林睿煬,100+,300%,2025-03-11
00878,1萬+,50%,2025-03-11
安芬尼·西蒙斯,500+,900%,2025-03-11
班尼頓,200+,500%,2025-03-11
x,1萬+,100%,2025-03-11
美股,1萬+,75%,2025-03-11
樂桃航空,"1,000+",100%,2025-03-11
甄子丹,"2,000+",400%,2025-03-11
張益贍,"1,000+",400%,2025-03-11
2330,"5,000+",75%,2025-03-11
空氣品質,"2,000+",300%,2025-03-11
scoot,500+,200%,2025-03-11
傅崐萁,"1,000+",500%,2025-03-11
0050,"5,000+",50%,2025-03-11
bianca censori,500+,200%,2025-03-11
菅野智之,200+,400%,2025-03-11
00878 配息,"1,000+",75%,2025-03-11
vix,"1,000+",300%,2025-03-11
灰熊 對 太陽,500+,800%,2025-03-11
推特當機,"2,000+","1,000%",2025-03-11
nasdaq,"1,000+",100%,2025-03-11
新榮高中,"1,000+",400%,2025-03-11
首爾,200+,200%,2025-03-11
吳慷仁,500+,200%,2025-03-11
台指期夜盤,"2,000+",75%,2025-03-11
warriors vs trail blazers,200+,200%,2025-03-11
鴻海股票,500+,100%,2025-03-11
牧德,100+,200%,2025-03-11
塞爾提克 對 爵士,200+,700%,2025-03-11
股票,500+,75%,2025-03-11
vix指數,200+,200%,2025-03-11
3312,100+,200%,2025-03-11
新光人壽,500+,100%,2025-03-11
美元,500+,100%,2025-03-11
美股開盤時間,"1,000+",100%,2025-03-11
玻璃纖維,200+,300%,2025-03-11
00713,500+,100%,2025-03-11
東京,100+,100%,2025-03-11
yeji,500+,200%,2025-03-11
dua lipa,500+,600%,2025-03-11
chromecast,500+,300%,2025-03-11
初陣對抗賽,500+,300%,2025-03-11
dreamcatcher,500+,300%,2025-03-11
gerrit cole,200+,200%,2025-03-11
voo,500+,100%,2025-03-11
qqq,500+,100%,2025-03-11
青年盃,100+,200%,2025-03-11
semen padang vs persib bandung,200+,300%,2025-03-11
蘇慧倫,500+,500%,2025-03-11
4931,200+,300%,2025-03-11
台鐵誤點,500+,300%,2025-03-11
蔡燦得,"1,000+","1,000%",2025-03-11
vti,200+,100%,2025-03-11
polg病,500+,300%,2025-03-11
00919除息日,100+,200%,2025-03-11
xsmb,"2,000+",75%,2025-03-11
휘성,500+,500%,2025-03-11
金赛纶,100+,200%,2025-03-11
富邦金,200+,100%,2025-03-11
美債殖利率,200+,100%,2025-03-11
foxbrain,100+,100%,2025-03-11
vt,200+,100%,2025-03-11
nets vs lakers,100+,400%,2025-03-11
2454,200+,75%,2025-03-11
seulgi,200+,200%,2025-03-11
錦榮,100+,300%,2025-03-11
jisoo 演唱會,200+,300%,2025-03-11
eth,100+,200%,2025-03-11
2603,200+,50%,2025-03-11
空汙,100+,400%,2025-03-11
美債10年殖利率,200+,100%,2025-03-11
美股即時,200+,75%,2025-03-11
泰舍至善元,100+,200%,2025-03-11
al-nassr vs esteghlal,100+,700%,2025-03-11
tsmc stock,100+,100%,2025-03-11
qqq stock,200+,200%,2025-03-11
indian wells,100+,100%,2025-03-11
吳龍滿,100+,200%,2025-03-11
kqxsmb,200+,100%,2025-03-11
2610,100+,100%,2025-03-11
coo,200+,500%,2025-03-11
5903,100+,100%,2025-03-11
技嘉,100+,100%,2025-03-11
侏儒河馬,100+,200%,2025-03-11
加拿大總理,100+,300%,2025-03-11
dc,100+,100%,2025-03-11
tsm stock,100+,100%,2025-03-11
工商時報,100+,75%,2025-03-11
中國人,100+,200%,2025-03-11
黃仁勳,100+,300%,2025-03-11
國際股市,100+,50%,2025-03-11
火災,100+,400%,2025-03-11
北海道,100+,100%,2025-03-11
肺炎鏈球菌疫苗,100+,200%,2025-03-11
好運來演員,100+,200%,2025-03-11
